Scenario,Model,Horizon,Scaled_MSE,RMSE,MAE,Direction_Acc,MAPE,Improvement_vs_Naive
1_Baseline_Only,Naive,1,88.62117958948178,0.01882101269356211,0.011898275715750134,54.29447852760736,100.0,0.0
1_Baseline_Only,Ensemble_Informer,7,1,128,32,0.17289109281778192,0.0001559044142382002,101.30273103713989,0.020122633296456426,0.01301092840731144,50.0,100.0,-14.30984275587689
1_Baseline_Only,Naive,1,88.62117958948178,0.01882101269356211,0.011898275715750134,54.29447852760736,100.0,0.0
